model,source,tasks,config,n_tasks,n_items,acc_pct,acc_norm_pct,avg_loops_per_item,distinct_loop_levels,min_loop_level,max_loop_level,loop_entropy_bits,norm_loop_entropy,halt_hist,gflop_per_item,acc_per_gflop,nan_halts,max_loops,controller
base,recap,7-task,base-1x,7,280,68.93,71.79,1.0,0,0,0,0.0,0.0,n/a,205.27,0.3358,0,4,
block_adaptive,recap,7-task,budgeted-v1(never-halts),7,280,59.64,60.0,24.0,0,0,0,0.0,0.0,n/a,746.83,0.0799,0,4,
block_adaptive,spread-v4,7-task,default,7,280,60.71,61.43,17.057,3,2,4,1.557,0.779,2@712;3@520;4@448,539.99,0.1124,0,4,"{""bias"": 0.6, ""halt_threshold"": 0.45, ""k"": 12, ""min_gain"": 0.02}"
block_adaptive,calib-sweep,easy+piqa,early4,2,60,81.67,85.0,12.584,2,2,3,0.46,0.23,2@325;3@35,334.46,0.2442,0,4,"{""bias"": 0.4, ""halt_threshold"": 0.35, ""k"": 10, ""min_gain"": 0.06}"
block_adaptive,calib-sweep,easy+piqa,early45,2,60,80.0,83.33,13.084,2,2,3,0.681,0.341,2@295;3@65,347.93,0.2299,0,4,"{""bias"": 0.42, ""halt_threshold"": 0.36, ""k"": 10, ""min_gain"": 0.055}"
block_adaptive,calib-sweep,easy+piqa,early4k8,2,60,81.67,86.67,12.35,2,2,3,0.321,0.16,2@339;3@21,331.5,0.2464,0,4,"{""bias"": 0.4, ""halt_threshold"": 0.35, ""k"": 8, ""min_gain"": 0.06}"
block_adaptive,recap,7-task,fixed-max_loops=2,7,210,67.62,69.05,12.0,0,0,0,0.0,0.0,n/a,385.09,0.1756,0,2,
block_adaptive,recap,7-task,fixed-max_loops=3,7,210,65.71,66.19,18.0,0,0,0,0.0,0.0,n/a,565.28,0.1163,0,3,
block_adaptive,spread-v4,7-task,fixed1,7,280,69.29,72.14,6.0,0,0,0,0.0,0.0,n/a,205.27,0.3375,0,4,{}
block_adaptive,spread-v4,7-task,fixed2,7,280,65.36,67.5,12.0,0,0,0,0.0,0.0,n/a,385.79,0.1694,0,4,{}
block_adaptive,spread-v4,7-task,fixed3,7,280,62.86,65.0,18.0,0,0,0,0.0,0.0,n/a,566.31,0.111,0,4,{}
block_adaptive,calib-sweep,easy+piqa,hard2b,2,60,81.67,86.67,12.05,2,2,3,0.07,0.035,2@357;3@3,322.66,0.2531,0,4,"{""bias"": 0.38, ""halt_threshold"": 0.33, ""k"": 12, ""min_gain"": 0.07}"
block_adaptive,calib-final,7-task,hard2b,7,280,65.36,67.5,12.029,2,2,3,0.044,0.022,2@1672;3@8,386.66,0.169,0,4,"{""bias"": 0.38, ""halt_threshold"": 0.33, ""k"": 12, ""min_gain"": 0.07}"
block_adaptive,spread-v4,7-task,hard2b,7,280,68.21,70.0,7.3,2,1,2,0.754,0.377,1@1316;2@364,250.98,0.2718,0,4,"{""bias"": 0.38, ""halt_threshold"": 0.33, ""k"": 12, ""min_gain"": 0.07}"
block_adaptive,spread-v4,7-task,headroomE8,7,280,62.14,64.64,14.132,3,2,4,1.0,0.333,2@1102;3@559;4@19,449.08,0.1384,0,8,"{""bias"": 0.52, ""halt_threshold"": 0.4, ""k"": 8, ""min_gain"": 0.03}"
block_adaptive,calib-sweep,easy+piqa,mixed,2,60,76.67,78.33,13.983,3,2,4,0.963,0.481,2@244;3@113;4@3,371.86,0.2062,0,4,"{""bias"": 0.45, ""halt_threshold"": 0.38, ""k"": 12, ""min_gain"": 0.05}"
block_adaptive,calib-sweep,easy+piqa,settle,2,60,70.0,68.34,19.1,3,2,4,1.537,0.769,2@78;3@138;4@144,502.29,0.1394,0,4,"{""bias"": 0.55, ""halt_threshold"": 0.5, ""k"": 12, ""min_gain"": 0.02}"
block_adaptive,calib-sweep,easy+piqa,soft3,2,60,73.33,71.67,15.466,3,2,4,1.318,0.659,2@181;3@150;4@29,407.36,0.18,0,4,"{""bias"": 0.5, ""halt_threshold"": 0.42, ""k"": 10, ""min_gain"": 0.035}"
block_adaptive,spread-v4,7-task,spreadA,7,280,63.21,65.71,13.986,3,2,4,0.97,0.485,2@1141;3@522;4@17,443.84,0.1424,0,4,"{""bias"": 0.5, ""halt_threshold"": 0.42, ""k"": 10, ""min_gain"": 0.035}"
block_adaptive,spread-v4,7-task,spreadB,7,280,63.93,66.43,13.479,3,2,4,0.811,0.405,2@1267;3@412;4@1,428.6,0.1492,0,4,"{""bias"": 0.48, ""halt_threshold"": 0.4, ""k"": 10, ""min_gain"": 0.04}"
block_adaptive,spread-v4,7-task,spreadC,7,280,65.36,67.5,12.7,2,2,3,0.52,0.26,2@1484;3@196,406.84,0.1606,0,4,"{""bias"": 0.45, ""halt_threshold"": 0.38, ""k"": 12, ""min_gain"": 0.05}"
block_adaptive,spread-v4,7-task,spreadE,7,280,62.14,64.64,14.132,3,2,4,1.0,0.5,2@1102;3@559;4@19,449.08,0.1384,0,4,"{""bias"": 0.52, ""halt_threshold"": 0.4, ""k"": 8, ""min_gain"": 0.03}"
layer_adaptive,recap,7-task,budgeted-v1(never-halts),7,280,45.71,46.43,96.0,0,0,0,0.0,0.0,n/a,746.83,0.0612,0,4,
layer_adaptive,spread-v4,7-task,default,7,280,58.57,59.64,52.054,3,2,4,0.692,0.346,2@5732;3@841;4@147,414.65,0.1413,0,4,"{""bias"": 0.6, ""halt_threshold"": 0.45, ""k"": 12, ""min_gain"": 0.02}"
layer_adaptive,calib-sweep,easy+piqa,early4,2,60,75.0,78.33,48.267,2,2,3,0.088,0.044,2@1424;3@16,323.5,0.2318,0,4,"{""bias"": 0.4, ""halt_threshold"": 0.35, ""k"": 10, ""min_gain"": 0.06}"
layer_adaptive,calib-sweep,easy+piqa,early45,2,60,70.0,73.33,48.566,2,2,3,0.161,0.081,2@1406;3@34,325.32,0.2152,0,4,"{""bias"": 0.42, ""halt_threshold"": 0.36, ""k"": 10, ""min_gain"": 0.055}"
layer_adaptive,calib-sweep,easy+piqa,early4k8,2,60,80.0,81.66,48.05,2,2,3,0.022,0.011,2@1437;3@3,322.34,0.2482,0,4,"{""bias"": 0.4, ""halt_threshold"": 0.35, ""k"": 8, ""min_gain"": 0.06}"
layer_adaptive,recap,7-task,fixed-max_loops=2,7,210,73.81,72.86,48.0,0,0,0,0.0,0.0,n/a,385.09,0.1917,0,2,
layer_adaptive,recap,7-task,fixed-max_loops=3,7,210,57.62,57.14,72.0,0,0,0,0.0,0.0,n/a,565.28,0.1019,0,3,
layer_adaptive,spread-v4,7-task,fixed1,7,280,70.0,72.86,24.0,0,0,0,0.0,0.0,n/a,205.27,0.341,0,4,{}
layer_adaptive,spread-v4,7-task,fixed2,7,280,71.07,72.14,48.0,0,0,0,0.0,0.0,n/a,385.79,0.1842,0,4,{}
layer_adaptive,spread-v4,7-task,fixed3,7,280,55.71,56.07,72.0,0,0,0,0.0,0.0,n/a,566.31,0.0984,0,4,{}
layer_adaptive,calib-sweep,easy+piqa,hard2b,2,60,81.66,83.33,48.0,1,2,2,0.0,0.0,2@1440,321.95,0.2537,0,4,"{""bias"": 0.38, ""halt_threshold"": 0.33, ""k"": 12, ""min_gain"": 0.07}"
layer_adaptive,calib-final,7-task,hard2b,7,280,71.07,72.14,48.007,3,1,3,0.008,0.004,1@1;2@6716;3@3,385.81,0.1842,0,4,"{""bias"": 0.38, ""halt_threshold"": 0.33, ""k"": 12, ""min_gain"": 0.07}"
layer_adaptive,spread-v4,7-task,hard2b,7,280,65.0,66.79,30.104,2,1,2,0.818,0.409,1@5011;2@1709,255.89,0.254,0,4,"{""bias"": 0.38, ""halt_threshold"": 0.33, ""k"": 12, ""min_gain"": 0.07}"
layer_adaptive,spread-v4,7-task,headroomE8,7,280,60.71,63.57,49.196,4,2,5,0.289,0.096,2@6405;3@297;4@16;5@2,394.37,0.154,0,8,"{""bias"": 0.52, ""halt_threshold"": 0.4, ""k"": 8, ""min_gain"": 0.03}"
layer_adaptive,calib-sweep,easy+piqa,mixed,2,60,65.0,71.67,49.284,3,2,4,0.303,0.152,2@1364;3@75;4@1,328.28,0.198,0,4,"{""bias"": 0.45, ""halt_threshold"": 0.38, ""k"": 12, ""min_gain"": 0.05}"
layer_adaptive,calib-sweep,easy+piqa,settle,2,60,45.0,46.66,56.633,3,2,4,1.092,0.546,2@1047;3@268;4@125,368.31,0.1222,0,4,"{""bias"": 0.55, ""halt_threshold"": 0.5, ""k"": 12, ""min_gain"": 0.02}"
layer_adaptive,calib-sweep,easy+piqa,soft3,2,60,63.33,61.67,51.334,3,2,4,0.604,0.302,2@1268;3@144;4@28,337.99,0.1874,0,4,"{""bias"": 0.5, ""halt_threshold"": 0.42, ""k"": 10, ""min_gain"": 0.035}"
layer_adaptive,spread-v4,7-task,spreadA,7,280,60.71,63.93,49.132,3,2,4,0.277,0.139,2@6415;3@293;4@12,394.03,0.1541,0,4,"{""bias"": 0.5, ""halt_threshold"": 0.42, ""k"": 10, ""min_gain"": 0.035}"
layer_adaptive,spread-v4,7-task,spreadB,7,280,62.5,65.71,48.893,3,2,4,0.231,0.116,2@6475;3@240;4@5,392.71,0.1592,0,4,"{""bias"": 0.48, ""halt_threshold"": 0.4, ""k"": 10, ""min_gain"": 0.04}"
layer_adaptive,spread-v4,7-task,spreadC,7,280,65.71,68.21,48.521,3,2,4,0.152,0.076,2@6576;3@142;4@2,389.79,0.1686,0,4,"{""bias"": 0.45, ""halt_threshold"": 0.38, ""k"": 12, ""min_gain"": 0.05}"
layer_adaptive,spread-v4,7-task,spreadE,7,280,60.71,63.57,49.175,3,2,4,0.285,0.143,2@6408;3@295;4@17,394.27,0.154,0,4,"{""bias"": 0.52, ""halt_threshold"": 0.4, ""k"": 8, ""min_gain"": 0.03}"
model_adaptive,recap,7-task,budgeted-v1(never-halts),7,280,47.14,47.86,4.0,0,0,0,0.0,0.0,n/a,746.83,0.0631,0,4,
model_adaptive,spread-v4,7-task,default,7,280,53.93,59.29,2.479,3,2,4,1.158,0.579,2@155;3@116;4@9,470.45,0.1146,0,4,"{""bias"": 0.6, ""halt_threshold"": 0.45, ""k"": 12, ""min_gain"": 0.02}"
model_adaptive,calib-sweep,easy+piqa,early4,2,60,68.34,68.34,2.0,1,2,2,0.0,0.0,2@60,321.95,0.2123,0,4,"{""bias"": 0.4, ""halt_threshold"": 0.35, ""k"": 10, ""min_gain"": 0.06}"
model_adaptive,calib-sweep,easy+piqa,early45,2,60,68.34,68.34,2.0,1,2,2,0.0,0.0,2@60,321.95,0.2123,0,4,"{""bias"": 0.42, ""halt_threshold"": 0.36, ""k"": 10, ""min_gain"": 0.055}"
model_adaptive,calib-sweep,easy+piqa,early4k8,2,60,68.34,68.34,2.0,1,2,2,0.0,0.0,2@60,321.95,0.2123,0,4,"{""bias"": 0.4, ""halt_threshold"": 0.35, ""k"": 8, ""min_gain"": 0.06}"
model_adaptive,recap,7-task,fixed-max_loops=2,7,210,58.57,60.95,2.0,0,0,0,0.0,0.0,n/a,385.09,0.1521,0,2,
model_adaptive,recap,7-task,fixed-max_loops=3,7,210,49.05,49.52,3.0,0,0,0,0.0,0.0,n/a,565.28,0.0868,0,3,
model_adaptive,spread-v4,7-task,fixed1,7,280,66.79,69.29,1.0,0,0,0,0.0,0.0,n/a,205.27,0.3254,0,4,{}
model_adaptive,spread-v4,7-task,fixed2,7,280,60.0,63.93,2.0,0,0,0,0.0,0.0,n/a,385.79,0.1555,0,4,{}
model_adaptive,spread-v4,7-task,fixed3,7,280,51.07,53.57,3.0,0,0,0,0.0,0.0,n/a,566.31,0.0902,0,4,{}
model_adaptive,calib-sweep,easy+piqa,hard2b,2,60,68.34,68.34,2.0,1,2,2,0.0,0.0,2@60,321.95,0.2123,0,4,"{""bias"": 0.38, ""halt_threshold"": 0.33, ""k"": 12, ""min_gain"": 0.07}"
model_adaptive,calib-final,7-task,hard2b,7,280,60.0,63.93,1.989,2,1,2,0.085,0.043,1@3;2@277,382.07,0.157,0,4,"{""bias"": 0.38, ""halt_threshold"": 0.33, ""k"": 12, ""min_gain"": 0.07}"
model_adaptive,spread-v4,7-task,hard2b,7,280,64.29,66.43,1.0,1,1,1,0.0,0.0,1@280,205.27,0.3132,0,4,"{""bias"": 0.38, ""halt_threshold"": 0.33, ""k"": 12, ""min_gain"": 0.07}"
model_adaptive,spread-v4,7-task,headroomE8,7,280,55.71,61.07,2.289,3,2,4,0.891,0.297,2@200;3@79;4@1,441.36,0.1262,0,8,"{""bias"": 0.52, ""halt_threshold"": 0.4, ""k"": 8, ""min_gain"": 0.03}"
model_adaptive,calib-sweep,easy+piqa,mixed,2,60,68.34,68.34,2.0,1,2,2,0.0,0.0,2@60,321.95,0.2123,0,4,"{""bias"": 0.45, ""halt_threshold"": 0.38, ""k"": 12, ""min_gain"": 0.05}"
model_adaptive,calib-sweep,easy+piqa,settle,2,60,60.0,63.34,2.433,3,2,4,1.136,0.568,2@36;3@22;4@2,382.07,0.157,0,4,"{""bias"": 0.55, ""halt_threshold"": 0.5, ""k"": 12, ""min_gain"": 0.02}"
model_adaptive,calib-sweep,easy+piqa,soft3,2,60,66.67,68.34,2.1,2,2,3,0.469,0.234,2@54;3@6,336.39,0.1982,0,4,"{""bias"": 0.5, ""halt_threshold"": 0.42, ""k"": 10, ""min_gain"": 0.035}"
model_adaptive,spread-v4,7-task,spreadA,7,280,57.5,62.14,2.243,2,2,3,0.8,0.4,2@212;3@68,432.21,0.133,0,4,"{""bias"": 0.5, ""halt_threshold"": 0.42, ""k"": 10, ""min_gain"": 0.035}"
model_adaptive,spread-v4,7-task,spreadB,7,280,58.21,62.5,2.161,2,2,3,0.636,0.318,2@235;3@45,420.99,0.1383,0,4,"{""bias"": 0.48, ""halt_threshold"": 0.4, ""k"": 10, ""min_gain"": 0.04}"
model_adaptive,spread-v4,7-task,spreadC,7,280,60.0,63.93,2.0,1,2,2,0.0,0.0,2@280,385.79,0.1555,0,4,"{""bias"": 0.45, ""halt_threshold"": 0.38, ""k"": 12, ""min_gain"": 0.05}"
model_adaptive,spread-v4,7-task,spreadE,7,280,55.71,61.07,2.289,3,2,4,0.891,0.445,2@200;3@79;4@1,441.36,0.1262,0,4,"{""bias"": 0.52, ""halt_threshold"": 0.4, ""k"": 8, ""min_gain"": 0.03}"
